fiscal_year,expenditure_table,code,parent_code,estimate,subcodes_value,printed_detail_value,printed_row_count_for_code,difference_subcodes_minus_printed,status
2026-27,current_revenue,011,01,BE_prior,10397794,10397794,1,0,exact
2026-27,current_revenue,011,01,RE_prior,8861174,8861174,1,0,exact
2026-27,current_revenue,011,01,BE_current,10326003,10326003,1,0,exact
2026-27,current_capital,011,01,BE_prior,5672032,5672032,2,0,exact
2026-27,current_capital,011,01,RE_prior,3490490,3490490,2,0,exact
2026-27,current_capital,011,01,BE_current,5966567,5966567,2,0,exact
2026-27,dev_revenue,011,01,BE_prior,10481,10481,1,0,exact
2026-27,dev_revenue,011,01,RE_prior,17830,17830,1,0,exact
2026-27,dev_revenue,011,01,BE_current,13846,13846,1,0,exact
2026-27,dev_capital,011,01,BE_prior,0,0,0,0,not_printed_zero
2026-27,dev_capital,011,01,RE_prior,0,0,0,0,not_printed_zero
2026-27,dev_capital,011,01,BE_current,0,0,0,0,not_printed_zero
2026-27,current_revenue,012,01,BE_prior,5793,5793,1,0,exact
2026-27,current_revenue,012,01,RE_prior,5793,5793,1,0,exact
2026-27,current_revenue,012,01,BE_current,5203,5203,1,0,exact
2026-27,current_capital,012,01,BE_prior,0,0,0,0,not_printed_zero
2026-27,current_capital,012,01,RE_prior,0,0,0,0,not_printed_zero
2026-27,current_capital,012,01,BE_current,0,0,0,0,not_printed_zero
2026-27,dev_revenue,012,01,BE_prior,0,0,0,0,not_printed_zero
2026-27,dev_revenue,012,01,RE_prior,0,0,0,0,not_printed_zero
2026-27,dev_revenue,012,01,BE_current,0,0,0,0,not_printed_zero
2026-27,dev_capital,012,01,BE_prior,0,0,0,0,not_printed_zero
2026-27,dev_capital,012,01,RE_prior,0,0,0,0,not_printed_zero
2026-27,dev_capital,012,01,BE_current,0,0,0,0,not_printed_zero
2026-27,current_revenue,014,01,BE_prior,1682477,1682477,1,0,exact
2026-27,current_revenue,014,01,RE_prior,1791068,1791068,1,0,exact
2026-27,current_revenue,014,01,BE_current,2330690,2330690,1,0,exact
2026-27,current_capital,014,01,BE_prior,115082,115082,1,0,exact
2026-27,current_capital,014,01,RE_prior,116959,116959,1,0,exact
2026-27,current_capital,014,01,BE_current,94715,94715,1,0,exact
2026-27,dev_revenue,014,01,BE_prior,331130,331130,1,0,exact
2026-27,dev_revenue,014,01,RE_prior,252384,252384,1,0,exact
2026-27,dev_revenue,014,01,BE_current,294286,294286,1,0,exact
2026-27,dev_capital,014,01,BE_prior,1162275,1162275,1,0,exact
2026-27,dev_capital,014,01,RE_prior,1130776,1130776,1,0,exact
2026-27,dev_capital,014,01,BE_current,1005388,1005388,1,0,exact
2026-27,current_revenue,015,01,BE_prior,23990,23990,1,0,exact
2026-27,current_revenue,015,01,RE_prior,22404,22404,1,0,exact
2026-27,current_revenue,015,01,BE_current,25073,25073,1,0,exact
2026-27,current_capital,015,01,BE_prior,0,0,0,0,not_printed_zero
2026-27,current_capital,015,01,RE_prior,0,0,0,0,not_printed_zero
2026-27,current_capital,015,01,BE_current,0,0,0,0,not_printed_zero
2026-27,dev_revenue,015,01,BE_prior,29260,29260,1,0,exact
2026-27,dev_revenue,015,01,RE_prior,26749,26749,1,0,exact
2026-27,dev_revenue,015,01,BE_current,36982,36982,1,0,exact
2026-27,dev_capital,015,01,BE_prior,0,0,0,0,not_printed_zero
2026-27,dev_capital,015,01,RE_prior,0,0,0,0,not_printed_zero
2026-27,dev_capital,015,01,BE_current,0,0,0,0,not_printed_zero
2026-27,current_revenue,016,01,BE_prior,10229,10229,1,0,exact
2026-27,current_revenue,016,01,RE_prior,9758,9758,1,0,exact
2026-27,current_revenue,016,01,BE_current,11080,11080,1,0,exact
2026-27,current_capital,016,01,BE_prior,0,0,0,0,not_printed_zero
2026-27,current_capital,016,01,RE_prior,0,0,0,0,not_printed_zero
2026-27,current_capital,016,01,BE_current,0,0,0,0,not_printed_zero
2026-27,dev_revenue,016,01,BE_prior,19670,19670,1,0,exact
2026-27,dev_revenue,016,01,RE_prior,15708,15708,1,0,exact
2026-27,dev_revenue,016,01,BE_current,22198,22198,1,0,exact
2026-27,dev_capital,016,01,BE_prior,0,0,0,0,not_printed_zero
2026-27,dev_capital,016,01,RE_prior,0,0,0,0,not_printed_zero
2026-27,dev_capital,016,01,BE_current,0,0,0,0,not_printed_zero
2026-27,current_revenue,017,01,BE_prior,30214,30214,1,0,exact
2026-27,current_revenue,017,01,RE_prior,30088,30088,1,0,exact
2026-27,current_revenue,017,01,BE_current,33246,33246,1,0,exact
2026-27,current_capital,017,01,BE_prior,0,0,0,0,not_printed_zero
2026-27,current_capital,017,01,RE_prior,0,0,0,0,not_printed_zero
2026-27,current_capital,017,01,BE_current,0,0,0,0,not_printed_zero
2026-27,dev_revenue,017,01,BE_prior,921,921,1,0,exact
2026-27,dev_revenue,017,01,RE_prior,463,463,1,0,exact
2026-27,dev_revenue,017,01,BE_current,160,160,1,0,exact
2026-27,dev_capital,017,01,BE_prior,761,761,1,0,exact
2026-27,dev_capital,017,01,RE_prior,761,761,1,0,exact
2026-27,dev_capital,017,01,BE_current,1335,1335,1,0,exact
2026-27,current_revenue,018,01,BE_prior,9869,9869,1,0,exact
2026-27,current_revenue,018,01,RE_prior,10031,10031,1,0,exact
2026-27,current_revenue,018,01,BE_current,10578,10578,1,0,exact
2026-27,current_capital,018,01,BE_prior,0,0,0,0,not_printed_zero
2026-27,current_capital,018,01,RE_prior,0,0,0,0,not_printed_zero
2026-27,current_capital,018,01,BE_current,0,0,0,0,not_printed_zero
2026-27,dev_revenue,018,01,BE_prior,0,0,0,0,not_printed_zero
2026-27,dev_revenue,018,01,RE_prior,0,0,0,0,not_printed_zero
2026-27,dev_revenue,018,01,BE_current,0,0,0,0,not_printed_zero
2026-27,dev_capital,018,01,BE_prior,0,0,0,0,not_printed_zero
2026-27,dev_capital,018,01,RE_prior,0,0,0,0,not_printed_zero
2026-27,dev_capital,018,01,BE_current,0,0,0,0,not_printed_zero
2026-27,current_revenue,019,01,BE_prior,50484,50484,1,0,exact
2026-27,current_revenue,019,01,RE_prior,52137,52137,1,0,exact
2026-27,current_revenue,019,01,BE_current,57774,57774,1,0,exact
2026-27,current_capital,019,01,BE_prior,0,0,0,0,not_printed_zero
2026-27,current_capital,019,01,RE_prior,0,0,0,0,not_printed_zero
2026-27,current_capital,019,01,BE_current,0,0,0,0,not_printed_zero
2026-27,dev_revenue,019,01,BE_prior,377,377,1,0,exact
2026-27,dev_revenue,019,01,RE_prior,291,291,1,0,exact
2026-27,dev_revenue,019,01,BE_current,333,333,1,0,exact
2026-27,dev_capital,019,01,BE_prior,0,0,0,0,not_printed_zero
2026-27,dev_capital,019,01,RE_prior,0,0,0,0,not_printed_zero
2026-27,dev_capital,019,01,BE_current,0,0,0,0,not_printed_zero
2026-27,current_revenue,021,02,BE_prior,2550000,2550000,1,0,exact
2026-27,current_revenue,021,02,RE_prior,2583968,2583968,1,0,exact
2026-27,current_revenue,021,02,BE_current,3000000,3000000,1,0,exact
2026-27,current_capital,021,02,BE_prior,0,0,0,0,not_printed_zero
2026-27,current_capital,021,02,RE_prior,0,0,0,0,not_printed_zero
2026-27,current_capital,021,02,BE_current,0,0,0,0,not_printed_zero
2026-27,dev_revenue,021,02,BE_prior,556,556,1,0,exact
2026-27,dev_revenue,021,02,RE_prior,865,865,1,0,exact
2026-27,dev_revenue,021,02,BE_current,387,387,1,0,exact
2026-27,dev_capital,021,02,BE_prior,0,0,0,0,not_printed_zero
2026-27,dev_capital,021,02,RE_prior,0,0,0,0,not_printed_zero
2026-27,dev_capital,021,02,BE_current,0,0,0,0,not_printed_zero
2026-27,current_revenue,A01,021,BE_prior,846032,846032,1,0,exact
2026-27,current_revenue,A01,021,RE_prior,851080,851080,1,0,exact
2026-27,current_revenue,A01,021,BE_current,967548,967548,1,0,exact
2026-27,current_capital,A01,021,BE_prior,0,0,0,0,not_printed_zero
2026-27,current_capital,A01,021,RE_prior,0,0,0,0,not_printed_zero
2026-27,current_capital,A01,021,BE_current,0,0,0,0,not_printed_zero
2026-27,dev_revenue,A01,021,BE_prior,0,0,0,0,not_printed_zero
2026-27,dev_revenue,A01,021,RE_prior,0,0,0,0,not_printed_zero
2026-27,dev_revenue,A01,021,BE_current,0,0,0,0,not_printed_zero
2026-27,dev_capital,A01,021,BE_prior,0,0,0,0,not_printed_zero
2026-27,dev_capital,A01,021,RE_prior,0,0,0,0,not_printed_zero
2026-27,dev_capital,A01,021,BE_current,0,0,0,0,not_printed_zero
2026-27,current_revenue,A02,021,BE_prior,0,0,0,0,not_printed_zero
2026-27,current_revenue,A02,021,RE_prior,0,0,0,0,not_printed_zero
2026-27,current_revenue,A02,021,BE_current,0,0,0,0,not_printed_zero
2026-27,current_capital,A02,021,BE_prior,0,0,0,0,not_printed_zero
2026-27,current_capital,A02,021,RE_prior,0,0,0,0,not_printed_zero
2026-27,current_capital,A02,021,BE_current,0,0,0,0,not_printed_zero
2026-27,dev_revenue,A02,021,BE_prior,0,0,0,0,not_printed_zero
2026-27,dev_revenue,A02,021,RE_prior,0,0,0,0,not_printed_zero
2026-27,dev_revenue,A02,021,BE_current,0,0,0,0,not_printed_zero
2026-27,dev_capital,A02,021,BE_prior,0,0,0,0,not_printed_zero
2026-27,dev_capital,A02,021,RE_prior,0,0,0,0,not_printed_zero
2026-27,dev_capital,A02,021,BE_current,0,0,0,0,not_printed_zero
2026-27,current_revenue,A03,021,BE_prior,704399,704399,1,0,exact
2026-27,current_revenue,A03,021,RE_prior,721030,721030,1,0,exact
2026-27,current_revenue,A03,021,BE_current,743462,743462,1,0,exact
2026-27,current_capital,A03,021,BE_prior,0,0,0,0,not_printed_zero
2026-27,current_capital,A03,021,RE_prior,0,0,0,0,not_printed_zero
2026-27,current_capital,A03,021,BE_current,0,0,0,0,not_printed_zero
2026-27,dev_revenue,A03,021,BE_prior,0,0,0,0,not_printed_zero
2026-27,dev_revenue,A03,021,RE_prior,0,0,0,0,not_printed_zero
2026-27,dev_revenue,A03,021,BE_current,0,0,0,0,not_printed_zero
2026-27,dev_capital,A03,021,BE_prior,0,0,0,0,not_printed_zero
2026-27,dev_capital,A03,021,RE_prior,0,0,0,0,not_printed_zero
2026-27,dev_capital,A03,021,BE_current,0,0,0,0,not_printed_zero
2026-27,current_revenue,A04,021,BE_prior,0,0,0,0,not_printed_zero
2026-27,current_revenue,A04,021,RE_prior,0,0,0,0,not_printed_zero
2026-27,current_revenue,A04,021,BE_current,0,0,0,0,not_printed_zero
2026-27,current_capital,A04,021,BE_prior,0,0,0,0,not_printed_zero
2026-27,current_capital,A04,021,RE_prior,0,0,0,0,not_printed_zero
2026-27,current_capital,A04,021,BE_current,0,0,0,0,not_printed_zero
2026-27,dev_revenue,A04,021,BE_prior,0,0,0,0,not_printed_zero
2026-27,dev_revenue,A04,021,RE_prior,0,0,0,0,not_printed_zero
2026-27,dev_revenue,A04,021,BE_current,0,0,0,0,not_printed_zero
2026-27,dev_capital,A04,021,BE_prior,0,0,0,0,not_printed_zero
2026-27,dev_capital,A04,021,RE_prior,0,0,0,0,not_printed_zero
2026-27,dev_capital,A04,021,BE_current,0,0,0,0,not_printed_zero
2026-27,current_revenue,A05,021,BE_prior,0,0,0,0,not_printed_zero
2026-27,current_revenue,A05,021,RE_prior,0,0,0,0,not_printed_zero
2026-27,current_revenue,A05,021,BE_current,0,0,0,0,not_printed_zero
2026-27,current_capital,A05,021,BE_prior,0,0,0,0,not_printed_zero
2026-27,current_capital,A05,021,RE_prior,0,0,0,0,not_printed_zero
2026-27,current_capital,A05,021,BE_current,0,0,0,0,not_printed_zero
2026-27,dev_revenue,A05,021,BE_prior,0,0,0,0,not_printed_zero
2026-27,dev_revenue,A05,021,RE_prior,0,0,0,0,not_printed_zero
2026-27,dev_revenue,A05,021,BE_current,0,0,0,0,not_printed_zero
2026-27,dev_capital,A05,021,BE_prior,0,0,0,0,not_printed_zero
2026-27,dev_capital,A05,021,RE_prior,0,0,0,0,not_printed_zero
2026-27,dev_capital,A05,021,BE_current,0,0,0,0,not_printed_zero
2026-27,current_revenue,A06,021,BE_prior,0,0,0,0,not_printed_zero
2026-27,current_revenue,A06,021,RE_prior,0,0,0,0,not_printed_zero
2026-27,current_revenue,A06,021,BE_current,0,0,0,0,not_printed_zero
2026-27,current_capital,A06,021,BE_prior,0,0,0,0,not_printed_zero
2026-27,current_capital,A06,021,RE_prior,0,0,0,0,not_printed_zero
2026-27,current_capital,A06,021,BE_current,0,0,0,0,not_printed_zero
2026-27,dev_revenue,A06,021,BE_prior,0,0,0,0,not_printed_zero
2026-27,dev_revenue,A06,021,RE_prior,0,0,0,0,not_printed_zero
2026-27,dev_revenue,A06,021,BE_current,0,0,0,0,not_printed_zero
2026-27,dev_capital,A06,021,BE_prior,0,0,0,0,not_printed_zero
2026-27,dev_capital,A06,021,RE_prior,0,0,0,0,not_printed_zero
2026-27,dev_capital,A06,021,BE_current,0,0,0,0,not_printed_zero
2026-27,current_revenue,A07,021,BE_prior,0,0,0,0,not_printed_zero
2026-27,current_revenue,A07,021,RE_prior,0,0,0,0,not_printed_zero
2026-27,current_revenue,A07,021,BE_current,0,0,0,0,not_printed_zero
2026-27,current_capital,A07,021,BE_prior,0,0,0,0,not_printed_zero
2026-27,current_capital,A07,021,RE_prior,0,0,0,0,not_printed_zero
2026-27,current_capital,A07,021,BE_current,0,0,0,0,not_printed_zero
2026-27,dev_revenue,A07,021,BE_prior,0,0,0,0,not_printed_zero
2026-27,dev_revenue,A07,021,RE_prior,0,0,0,0,not_printed_zero
2026-27,dev_revenue,A07,021,BE_current,0,0,0,0,not_printed_zero
2026-27,dev_capital,A07,021,BE_prior,0,0,0,0,not_printed_zero
2026-27,dev_capital,A07,021,RE_prior,0,0,0,0,not_printed_zero
2026-27,dev_capital,A07,021,BE_current,0,0,0,0,not_printed_zero
2026-27,current_revenue,A08,021,BE_prior,0,0,0,0,not_printed_zero
2026-27,current_revenue,A08,021,RE_prior,0,0,0,0,not_printed_zero
2026-27,current_revenue,A08,021,BE_current,0,0,0,0,not_printed_zero
2026-27,current_capital,A08,021,BE_prior,0,0,0,0,not_printed_zero
2026-27,current_capital,A08,021,RE_prior,0,0,0,0,not_printed_zero
2026-27,current_capital,A08,021,BE_current,0,0,0,0,not_printed_zero
2026-27,dev_revenue,A08,021,BE_prior,0,0,0,0,not_printed_zero
2026-27,dev_revenue,A08,021,RE_prior,0,0,0,0,not_printed_zero
2026-27,dev_revenue,A08,021,BE_current,0,0,0,0,not_printed_zero
2026-27,dev_capital,A08,021,BE_prior,0,0,0,0,not_printed_zero
2026-27,dev_capital,A08,021,RE_prior,0,0,0,0,not_printed_zero
2026-27,dev_capital,A08,021,BE_current,0,0,0,0,not_printed_zero
2026-27,current_revenue,A09,021,BE_prior,663077,663077,1,0,exact
2026-27,current_revenue,A09,021,RE_prior,663923,663923,1,0,exact
2026-27,current_revenue,A09,021,BE_current,925833,925833,1,0,exact
2026-27,current_capital,A09,021,BE_prior,0,0,0,0,not_printed_zero
2026-27,current_capital,A09,021,RE_prior,0,0,0,0,not_printed_zero
2026-27,current_capital,A09,021,BE_current,0,0,0,0,not_printed_zero
2026-27,dev_revenue,A09,021,BE_prior,0,0,0,0,not_printed_zero
2026-27,dev_revenue,A09,021,RE_prior,0,0,0,0,not_printed_zero
2026-27,dev_revenue,A09,021,BE_current,0,0,0,0,not_printed_zero
2026-27,dev_capital,A09,021,BE_prior,0,0,0,0,not_printed_zero
2026-27,dev_capital,A09,021,RE_prior,0,0,0,0,not_printed_zero
2026-27,dev_capital,A09,021,BE_current,0,0,0,0,not_printed_zero
2026-27,current_revenue,A11,021,BE_prior,0,0,0,0,not_printed_zero
2026-27,current_revenue,A11,021,RE_prior,0,0,0,0,not_printed_zero
2026-27,current_revenue,A11,021,BE_current,0,0,0,0,not_printed_zero
2026-27,current_capital,A11,021,BE_prior,0,0,0,0,not_printed_zero
2026-27,current_capital,A11,021,RE_prior,0,0,0,0,not_printed_zero
2026-27,current_capital,A11,021,BE_current,0,0,0,0,not_printed_zero
2026-27,dev_revenue,A11,021,BE_prior,0,0,0,0,not_printed_zero
2026-27,dev_revenue,A11,021,RE_prior,0,0,0,0,not_printed_zero
2026-27,dev_revenue,A11,021,BE_current,0,0,0,0,not_printed_zero
2026-27,dev_capital,A11,021,BE_prior,0,0,0,0,not_printed_zero
2026-27,dev_capital,A11,021,RE_prior,0,0,0,0,not_printed_zero
2026-27,dev_capital,A11,021,BE_current,0,0,0,0,not_printed_zero
2026-27,current_revenue,A12,021,BE_prior,336492,336492,1,0,exact
2026-27,current_revenue,A12,021,RE_prior,347935,347935,1,0,exact
2026-27,current_revenue,A12,021,BE_current,363158,363158,1,0,exact
2026-27,current_capital,A12,021,BE_prior,0,0,0,0,not_printed_zero
2026-27,current_capital,A12,021,RE_prior,0,0,0,0,not_printed_zero
2026-27,current_capital,A12,021,BE_current,0,0,0,0,not_printed_zero
2026-27,dev_revenue,A12,021,BE_prior,0,0,0,0,not_printed_zero
2026-27,dev_revenue,A12,021,RE_prior,0,0,0,0,not_printed_zero
2026-27,dev_revenue,A12,021,BE_current,0,0,0,0,not_printed_zero
2026-27,dev_capital,A12,021,BE_prior,0,0,0,0,not_printed_zero
2026-27,dev_capital,A12,021,RE_prior,0,0,0,0,not_printed_zero
2026-27,dev_capital,A12,021,BE_current,0,0,0,0,not_printed_zero
2026-27,current_revenue,A13,021,BE_prior,0,0,0,0,not_printed_zero
2026-27,current_revenue,A13,021,RE_prior,0,0,0,0,not_printed_zero
2026-27,current_revenue,A13,021,BE_current,0,0,0,0,not_printed_zero
2026-27,current_capital,A13,021,BE_prior,0,0,0,0,not_printed_zero
2026-27,current_capital,A13,021,RE_prior,0,0,0,0,not_printed_zero
2026-27,current_capital,A13,021,BE_current,0,0,0,0,not_printed_zero
2026-27,dev_revenue,A13,021,BE_prior,0,0,0,0,not_printed_zero
2026-27,dev_revenue,A13,021,RE_prior,0,0,0,0,not_printed_zero
2026-27,dev_revenue,A13,021,BE_current,0,0,0,0,not_printed_zero
2026-27,dev_capital,A13,021,BE_prior,0,0,0,0,not_printed_zero
2026-27,dev_capital,A13,021,RE_prior,0,0,0,0,not_printed_zero
2026-27,dev_capital,A13,021,BE_current,0,0,0,0,not_printed_zero
2026-27,current_revenue,024,02,BE_prior,0,0,0,0,not_printed_zero
2026-27,current_revenue,024,02,RE_prior,0,0,0,0,not_printed_zero
2026-27,current_revenue,024,02,BE_current,0,0,0,0,not_printed_zero
2026-27,current_capital,024,02,BE_prior,0,0,0,0,not_printed_zero
2026-27,current_capital,024,02,RE_prior,0,0,0,0,not_printed_zero
2026-27,current_capital,024,02,BE_current,0,0,0,0,not_printed_zero
2026-27,dev_revenue,024,02,BE_prior,248,248,1,0,exact
2026-27,dev_revenue,024,02,RE_prior,246,246,1,0,exact
2026-27,dev_revenue,024,02,BE_current,1054,1054,1,0,exact
2026-27,dev_capital,024,02,BE_prior,0,0,0,0,not_printed_zero
2026-27,dev_capital,024,02,RE_prior,0,0,0,0,not_printed_zero
2026-27,dev_capital,024,02,BE_current,0,0,0,0,not_printed_zero
2026-27,current_revenue,025,02,BE_prior,7950,7950,1,0,exact
2026-27,current_revenue,025,02,RE_prior,11747,11747,1,0,exact
2026-27,current_revenue,025,02,BE_current,10900,10900,1,0,exact
2026-27,current_capital,025,02,BE_prior,0,0,0,0,not_printed_zero
2026-27,current_capital,025,02,RE_prior,0,0,0,0,not_printed_zero
2026-27,current_capital,025,02,BE_current,0,0,0,0,not_printed_zero
2026-27,dev_revenue,025,02,BE_prior,1916,1916,1,0,exact
2026-27,dev_revenue,025,02,RE_prior,1557,1557,1,0,exact
2026-27,dev_revenue,025,02,BE_current,1520,1520,1,0,exact
2026-27,dev_capital,025,02,BE_prior,0,0,0,0,not_printed_zero
2026-27,dev_capital,025,02,RE_prior,0,0,0,0,not_printed_zero
2026-27,dev_capital,025,02,BE_current,0,0,0,0,not_printed_zero
2026-27,current_revenue,031,03,BE_prior,19380,19380,1,0,exact
2026-27,current_revenue,031,03,RE_prior,21532,21532,1,0,exact
2026-27,current_revenue,031,03,BE_current,25756,25756,1,0,exact
2026-27,current_capital,031,03,BE_prior,0,0,0,0,not_printed_zero
2026-27,current_capital,031,03,RE_prior,0,0,0,0,not_printed_zero
2026-27,current_capital,031,03,BE_current,0,0,0,0,not_printed_zero
2026-27,dev_revenue,031,03,BE_prior,1912,1912,1,0,exact
2026-27,dev_revenue,031,03,RE_prior,1583,1583,1,0,exact
2026-27,dev_revenue,031,03,BE_current,2403,2403,1,0,exact
2026-27,dev_capital,031,03,BE_prior,0,0,0,0,not_printed_zero
2026-27,dev_capital,031,03,RE_prior,0,0,0,0,not_printed_zero
2026-27,dev_capital,031,03,BE_current,0,0,0,0,not_printed_zero
2026-27,current_revenue,032,03,BE_prior,321177,321177,1,0,exact
2026-27,current_revenue,032,03,RE_prior,327670,327670,1,0,exact
2026-27,current_revenue,032,03,BE_current,350404,350404,1,0,exact
2026-27,current_capital,032,03,BE_prior,0,0,0,0,not_printed_zero
2026-27,current_capital,032,03,RE_prior,0,0,0,0,not_printed_zero
2026-27,current_capital,032,03,BE_current,0,0,0,0,not_printed_zero
2026-27,dev_revenue,032,03,BE_prior,986,986,1,0,exact
2026-27,dev_revenue,032,03,RE_prior,497,497,1,0,exact
2026-27,dev_revenue,032,03,BE_current,3340,3340,1,0,exact
2026-27,dev_capital,032,03,BE_prior,0,0,0,0,not_printed_zero
2026-27,dev_capital,032,03,RE_prior,0,0,0,0,not_printed_zero
2026-27,dev_capital,032,03,BE_current,0,0,0,0,not_printed_zero
2026-27,current_revenue,033,03,BE_prior,709,709,1,0,exact
2026-27,current_revenue,033,03,RE_prior,671,671,1,0,exact
2026-27,current_revenue,033,03,BE_current,748,748,1,0,exact
2026-27,current_capital,033,03,BE_prior,0,0,0,0,not_printed_zero
2026-27,current_capital,033,03,RE_prior,0,0,0,0,not_printed_zero
2026-27,current_capital,033,03,BE_current,0,0,0,0,not_printed_zero
2026-27,dev_revenue,033,03,BE_prior,0,0,0,0,not_printed_zero
2026-27,dev_revenue,033,03,RE_prior,0,0,0,0,not_printed_zero
2026-27,dev_revenue,033,03,BE_current,0,0,0,0,not_printed_zero
2026-27,dev_capital,033,03,BE_prior,0,0,0,0,not_printed_zero
2026-27,dev_capital,033,03,RE_prior,0,0,0,0,not_printed_zero
2026-27,dev_capital,033,03,BE_current,0,0,0,0,not_printed_zero
2026-27,current_revenue,034,03,BE_prior,181,181,1,0,exact
2026-27,current_revenue,034,03,RE_prior,167,167,1,0,exact
2026-27,current_revenue,034,03,BE_current,187,187,1,0,exact
2026-27,current_capital,034,03,BE_prior,0,0,0,0,not_printed_zero
2026-27,current_capital,034,03,RE_prior,0,0,0,0,not_printed_zero
2026-27,current_capital,034,03,BE_current,0,0,0,0,not_printed_zero
2026-27,dev_revenue,034,03,BE_prior,0,0,0,0,not_printed_zero
2026-27,dev_revenue,034,03,RE_prior,0,0,0,0,not_printed_zero
2026-27,dev_revenue,034,03,BE_current,0,0,0,0,not_printed_zero
2026-27,dev_capital,034,03,BE_prior,0,0,0,0,not_printed_zero
2026-27,dev_capital,034,03,RE_prior,0,0,0,0,not_printed_zero
2026-27,dev_capital,034,03,BE_current,0,0,0,0,not_printed_zero
2026-27,current_revenue,035,03,BE_prior,98,98,1,0,exact
2026-27,current_revenue,035,03,RE_prior,195,195,1,0,exact
2026-27,current_revenue,035,03,BE_current,104,104,1,0,exact
2026-27,current_capital,035,03,BE_prior,0,0,0,0,not_printed_zero
2026-27,current_capital,035,03,RE_prior,0,0,0,0,not_printed_zero
2026-27,current_capital,035,03,BE_current,0,0,0,0,not_printed_zero
2026-27,dev_revenue,035,03,BE_prior,0,0,0,0,not_printed_zero
2026-27,dev_revenue,035,03,RE_prior,0,0,0,0,not_printed_zero
2026-27,dev_revenue,035,03,BE_current,0,0,0,0,not_printed_zero
2026-27,dev_capital,035,03,BE_prior,0,0,0,0,not_printed_zero
2026-27,dev_capital,035,03,RE_prior,0,0,0,0,not_printed_zero
2026-27,dev_capital,035,03,BE_current,0,0,0,0,not_printed_zero
2026-27,current_revenue,036,03,BE_prior,10135,10135,1,0,exact
2026-27,current_revenue,036,03,RE_prior,23082,23082,1,0,exact
2026-27,current_revenue,036,03,BE_current,12270,12270,1,0,exact
2026-27,current_capital,036,03,BE_prior,0,0,0,0,not_printed_zero
2026-27,current_capital,036,03,RE_prior,0,0,0,0,not_printed_zero
2026-27,current_capital,036,03,BE_current,0,0,0,0,not_printed_zero
2026-27,dev_revenue,036,03,BE_prior,23,23,1,0,exact
2026-27,dev_revenue,036,03,RE_prior,23,23,1,0,exact
2026-27,dev_revenue,036,03,BE_current,0,0,1,0,exact
2026-27,dev_capital,036,03,BE_prior,0,0,0,0,not_printed_zero
2026-27,dev_capital,036,03,RE_prior,0,0,0,0,not_printed_zero
2026-27,dev_capital,036,03,BE_current,0,0,0,0,not_printed_zero
2026-27,current_revenue,041,04,BE_prior,117035,117035,1,0,exact
2026-27,current_revenue,041,04,RE_prior,103642,103642,1,0,exact
2026-27,current_revenue,041,04,BE_current,110199,110199,1,0,exact
2026-27,current_capital,041,04,BE_prior,0,0,0,0,not_printed_zero
2026-27,current_capital,041,04,RE_prior,0,0,0,0,not_printed_zero
2026-27,current_capital,041,04,BE_current,0,0,0,0,not_printed_zero
2026-27,dev_revenue,041,04,BE_prior,4058,4058,1,0,exact
2026-27,dev_revenue,041,04,RE_prior,1064,1064,1,0,exact
2026-27,dev_revenue,041,04,BE_current,2563,2563,1,0,exact
2026-27,dev_capital,041,04,BE_prior,719,719,1,0,exact
2026-27,dev_capital,041,04,RE_prior,368,368,1,0,exact
2026-27,dev_capital,041,04,BE_current,312,312,1,0,exact
2026-27,current_revenue,042,04,BE_prior,33476,33476,1,0,exact
2026-27,current_revenue,042,04,RE_prior,40645,40645,1,0,exact
2026-27,current_revenue,042,04,BE_current,33204,33204,1,0,exact
2026-27,current_capital,042,04,BE_prior,0,0,0,0,not_printed_zero
2026-27,current_capital,042,04,RE_prior,0,0,0,0,not_printed_zero
2026-27,current_capital,042,04,BE_current,0,0,0,0,not_printed_zero
2026-27,dev_revenue,042,04,BE_prior,72162,72162,1,0,exact
2026-27,dev_revenue,042,04,RE_prior,69779,69779,1,0,exact
2026-27,dev_revenue,042,04,BE_current,49629,49629,1,0,exact
2026-27,dev_capital,042,04,BE_prior,0,0,0,0,not_printed_zero
2026-27,dev_capital,042,04,RE_prior,0,0,0,0,not_printed_zero
2026-27,dev_capital,042,04,BE_current,0,0,0,0,not_printed_zero
2026-27,current_revenue,043,04,BE_prior,2397,2397,1,0,exact
2026-27,current_revenue,043,04,RE_prior,2343,2343,1,0,exact
2026-27,current_revenue,043,04,BE_current,1360,1360,1,0,exact
2026-27,current_capital,043,04,BE_prior,0,0,0,0,not_printed_zero
2026-27,current_capital,043,04,RE_prior,0,0,0,0,not_printed_zero
2026-27,current_capital,043,04,BE_current,0,0,0,0,not_printed_zero
2026-27,dev_revenue,043,04,BE_prior,7009,7009,1,0,exact
2026-27,dev_revenue,043,04,RE_prior,13367,13367,1,0,exact
2026-27,dev_revenue,043,04,BE_current,8451,8451,1,0,exact
2026-27,dev_capital,043,04,BE_prior,0,0,1,0,exact
2026-27,dev_capital,043,04,RE_prior,244,244,1,0,exact
2026-27,dev_capital,043,04,BE_current,0,0,1,0,exact
2026-27,current_revenue,044,04,BE_prior,7586,7586,1,0,exact
2026-27,current_revenue,044,04,RE_prior,18888,18888,1,0,exact
2026-27,current_revenue,044,04,BE_current,10267,10267,1,0,exact
2026-27,current_capital,044,04,BE_prior,0,0,0,0,not_printed_zero
2026-27,current_capital,044,04,RE_prior,0,0,0,0,not_printed_zero
2026-27,current_capital,044,04,BE_current,0,0,0,0,not_printed_zero
2026-27,dev_revenue,044,04,BE_prior,1105,1105,1,0,exact
2026-27,dev_revenue,044,04,RE_prior,420,420,1,0,exact
2026-27,dev_revenue,044,04,BE_current,761,761,1,0,exact
2026-27,dev_capital,044,04,BE_prior,1904,1904,1,0,exact
2026-27,dev_capital,044,04,RE_prior,1714,1714,1,0,exact
2026-27,dev_capital,044,04,BE_current,6658,6658,1,0,exact
2026-27,current_revenue,045,04,BE_prior,46228,46228,1,0,exact
2026-27,current_revenue,045,04,RE_prior,44998,44998,1,0,exact
2026-27,current_revenue,045,04,BE_current,46405,46405,1,0,exact
2026-27,current_capital,045,04,BE_prior,0,0,0,0,not_printed_zero
2026-27,current_capital,045,04,RE_prior,0,0,0,0,not_printed_zero
2026-27,current_capital,045,04,BE_current,0,0,0,0,not_printed_zero
2026-27,dev_revenue,045,04,BE_prior,20325,20325,1,0,exact
2026-27,dev_revenue,045,04,RE_prior,17794,17794,1,0,exact
2026-27,dev_revenue,045,04,BE_current,16965,16965,1,0,exact
2026-27,dev_capital,045,04,BE_prior,17280,17280,1,0,exact
2026-27,dev_capital,045,04,RE_prior,21309,21309,1,0,exact
2026-27,dev_capital,045,04,BE_current,17821,17821,1,0,exact
2026-27,current_revenue,046,04,BE_prior,33103,33103,1,0,exact
2026-27,current_revenue,046,04,RE_prior,32369,32369,1,0,exact
2026-27,current_revenue,046,04,BE_current,34517,34517,1,0,exact
2026-27,current_capital,046,04,BE_prior,0,0,0,0,not_printed_zero
2026-27,current_capital,046,04,RE_prior,0,0,0,0,not_printed_zero
2026-27,current_capital,046,04,BE_current,0,0,0,0,not_printed_zero
2026-27,dev_revenue,046,04,BE_prior,814,814,1,0,exact
2026-27,dev_revenue,046,04,RE_prior,2066,2066,1,0,exact
2026-27,dev_revenue,046,04,BE_current,449,449,1,0,exact
2026-27,dev_capital,046,04,BE_prior,1241,1241,1,0,exact
2026-27,dev_capital,046,04,RE_prior,632,632,1,0,exact
2026-27,dev_capital,046,04,BE_current,500,500,1,0,exact
2026-27,current_revenue,047,04,BE_prior,1525,1525,1,0,exact
2026-27,current_revenue,047,04,RE_prior,1568,1568,1,0,exact
2026-27,current_revenue,047,04,BE_current,1527,1527,1,0,exact
2026-27,current_capital,047,04,BE_prior,0,0,0,0,not_printed_zero
2026-27,current_capital,047,04,RE_prior,0,0,0,0,not_printed_zero
2026-27,current_capital,047,04,BE_current,0,0,0,0,not_printed_zero
2026-27,dev_revenue,047,04,BE_prior,0,0,0,0,not_printed_zero
2026-27,dev_revenue,047,04,RE_prior,0,0,0,0,not_printed_zero
2026-27,dev_revenue,047,04,BE_current,0,0,0,0,not_printed_zero
2026-27,dev_capital,047,04,BE_prior,0,0,0,0,not_printed_zero
2026-27,dev_capital,047,04,RE_prior,0,0,0,0,not_printed_zero
2026-27,dev_capital,047,04,BE_current,0,0,0,0,not_printed_zero
2026-27,current_revenue,048,04,BE_prior,793,793,1,0,exact
2026-27,current_revenue,048,04,RE_prior,768,768,1,0,exact
2026-27,current_revenue,048,04,BE_current,957,957,1,0,exact
2026-27,current_capital,048,04,BE_prior,0,0,0,0,not_printed_zero
2026-27,current_capital,048,04,RE_prior,0,0,0,0,not_printed_zero
2026-27,current_capital,048,04,BE_current,0,0,0,0,not_printed_zero
2026-27,dev_revenue,048,04,BE_prior,138,138,1,0,exact
2026-27,dev_revenue,048,04,RE_prior,99,99,1,0,exact
2026-27,dev_revenue,048,04,BE_current,564,564,1,0,exact
2026-27,dev_capital,048,04,BE_prior,0,0,0,0,not_printed_zero
2026-27,dev_capital,048,04,RE_prior,0,0,0,0,not_printed_zero
2026-27,dev_capital,048,04,BE_current,0,0,0,0,not_printed_zero
2026-27,current_revenue,052,05,BE_prior,0,0,0,0,not_printed_zero
2026-27,current_revenue,052,05,RE_prior,0,0,0,0,not_printed_zero
2026-27,current_revenue,052,05,BE_current,0,0,0,0,not_printed_zero
2026-27,current_capital,052,05,BE_prior,0,0,0,0,not_printed_zero
2026-27,current_capital,052,05,RE_prior,0,0,0,0,not_printed_zero
2026-27,current_capital,052,05,BE_current,0,0,0,0,not_printed_zero
2026-27,dev_revenue,052,05,BE_prior,0,0,0,0,not_printed_zero
2026-27,dev_revenue,052,05,RE_prior,0,0,0,0,not_printed_zero
2026-27,dev_revenue,052,05,BE_current,0,0,0,0,not_printed_zero
2026-27,dev_capital,052,05,BE_prior,0,0,0,0,not_printed_zero
2026-27,dev_capital,052,05,RE_prior,0,0,0,0,not_printed_zero
2026-27,dev_capital,052,05,BE_current,0,0,0,0,not_printed_zero
2026-27,current_revenue,053,05,BE_prior,2155,2155,1,0,exact
2026-27,current_revenue,053,05,RE_prior,1655,1655,1,0,exact
2026-27,current_revenue,053,05,BE_current,1155,1155,1,0,exact
2026-27,current_capital,053,05,BE_prior,0,0,0,0,not_printed_zero
2026-27,current_capital,053,05,RE_prior,0,0,0,0,not_printed_zero
2026-27,current_capital,053,05,BE_current,0,0,0,0,not_printed_zero
2026-27,dev_revenue,053,05,BE_prior,0,0,0,0,not_printed_zero
2026-27,dev_revenue,053,05,RE_prior,0,0,0,0,not_printed_zero
2026-27,dev_revenue,053,05,BE_current,0,0,0,0,not_printed_zero
2026-27,dev_capital,053,05,BE_prior,0,0,0,0,not_printed_zero
2026-27,dev_capital,053,05,RE_prior,0,0,0,0,not_printed_zero
2026-27,dev_capital,053,05,BE_current,0,0,0,0,not_printed_zero
2026-27,current_revenue,054,05,BE_prior,0,0,0,0,not_printed_zero
2026-27,current_revenue,054,05,RE_prior,0,0,0,0,not_printed_zero
2026-27,current_revenue,054,05,BE_current,0,0,0,0,not_printed_zero
2026-27,current_capital,054,05,BE_prior,0,0,0,0,not_printed_zero
2026-27,current_capital,054,05,RE_prior,0,0,0,0,not_printed_zero
2026-27,current_capital,054,05,BE_current,0,0,0,0,not_printed_zero
2026-27,dev_revenue,054,05,BE_prior,0,0,0,0,not_printed_zero
2026-27,dev_revenue,054,05,RE_prior,0,0,0,0,not_printed_zero
2026-27,dev_revenue,054,05,BE_current,0,0,0,0,not_printed_zero
2026-27,dev_capital,054,05,BE_prior,0,0,0,0,not_printed_zero
2026-27,dev_capital,054,05,RE_prior,0,0,0,0,not_printed_zero
2026-27,dev_capital,054,05,BE_current,0,0,0,0,not_printed_zero
2026-27,current_revenue,055,05,BE_prior,1013,1013,1,0,exact
2026-27,current_revenue,055,05,RE_prior,1085,1085,1,0,exact
2026-27,current_revenue,055,05,BE_current,1251,1251,1,0,exact
2026-27,current_capital,055,05,BE_prior,0,0,0,0,not_printed_zero
2026-27,current_capital,055,05,RE_prior,0,0,0,0,not_printed_zero
2026-27,current_capital,055,05,BE_current,0,0,0,0,not_printed_zero
2026-27,dev_revenue,055,05,BE_prior,2784,2784,1,0,exact
2026-27,dev_revenue,055,05,RE_prior,2292,2292,1,0,exact
2026-27,dev_revenue,055,05,BE_current,2478,2478,1,0,exact
2026-27,dev_capital,055,05,BE_prior,0,0,0,0,not_printed_zero
2026-27,dev_capital,055,05,RE_prior,0,0,0,0,not_printed_zero
2026-27,dev_capital,055,05,BE_current,0,0,0,0,not_printed_zero
2026-27,current_revenue,061,06,BE_prior,1588,1588,1,0,exact
2026-27,current_revenue,061,06,RE_prior,129,129,1,0,exact
2026-27,current_revenue,061,06,BE_current,143,143,1,0,exact
2026-27,current_capital,061,06,BE_prior,0,0,0,0,not_printed_zero
2026-27,current_capital,061,06,RE_prior,0,0,0,0,not_printed_zero
2026-27,current_capital,061,06,BE_current,0,0,0,0,not_printed_zero
2026-27,dev_revenue,061,06,BE_prior,0,0,0,0,not_printed_zero
2026-27,dev_revenue,061,06,RE_prior,0,0,0,0,not_printed_zero
2026-27,dev_revenue,061,06,BE_current,0,0,0,0,not_printed_zero
2026-27,dev_capital,061,06,BE_prior,0,0,0,0,not_printed_zero
2026-27,dev_capital,061,06,RE_prior,0,0,0,0,not_printed_zero
2026-27,dev_capital,061,06,BE_current,0,0,0,0,not_printed_zero
2026-27,current_revenue,062,06,BE_prior,17661,17661,1,0,exact
2026-27,current_revenue,062,06,RE_prior,12431,12431,1,0,exact
2026-27,current_revenue,062,06,BE_current,18427,18427,1,0,exact
2026-27,current_capital,062,06,BE_prior,0,0,0,0,not_printed_zero
2026-27,current_capital,062,06,RE_prior,0,0,0,0,not_printed_zero
2026-27,current_capital,062,06,BE_current,0,0,0,0,not_printed_zero
2026-27,dev_revenue,062,06,BE_prior,7971,7971,1,0,exact
2026-27,dev_revenue,062,06,RE_prior,6590,6590,1,0,exact
2026-27,dev_revenue,062,06,BE_current,14189,14189,1,0,exact
2026-27,dev_capital,062,06,BE_prior,0,0,0,0,not_printed_zero
2026-27,dev_capital,062,06,RE_prior,0,0,0,0,not_printed_zero
2026-27,dev_capital,062,06,BE_current,0,0,0,0,not_printed_zero
2026-27,current_revenue,063,06,BE_prior,0,0,0,0,not_printed_zero
2026-27,current_revenue,063,06,RE_prior,0,0,0,0,not_printed_zero
2026-27,current_revenue,063,06,BE_current,0,0,0,0,not_printed_zero
2026-27,current_capital,063,06,BE_prior,0,0,0,0,not_printed_zero
2026-27,current_capital,063,06,RE_prior,0,0,0,0,not_printed_zero
2026-27,current_capital,063,06,BE_current,0,0,0,0,not_printed_zero
2026-27,dev_revenue,063,06,BE_prior,6,6,1,0,exact
2026-27,dev_revenue,063,06,RE_prior,6,6,1,0,exact
2026-27,dev_revenue,063,06,BE_current,0,0,1,0,exact
2026-27,dev_capital,063,06,BE_prior,0,0,0,0,not_printed_zero
2026-27,dev_capital,063,06,RE_prior,0,0,0,0,not_printed_zero
2026-27,dev_capital,063,06,BE_current,0,0,0,0,not_printed_zero
2026-27,current_revenue,071,07,BE_prior,32,32,1,0,exact
2026-27,current_revenue,071,07,RE_prior,33,33,1,0,exact
2026-27,current_revenue,071,07,BE_current,38,38,1,0,exact
2026-27,current_capital,071,07,BE_prior,0,0,0,0,not_printed_zero
2026-27,current_capital,071,07,RE_prior,0,0,0,0,not_printed_zero
2026-27,current_capital,071,07,BE_current,0,0,0,0,not_printed_zero
2026-27,dev_revenue,071,07,BE_prior,0,0,0,0,not_printed_zero
2026-27,dev_revenue,071,07,RE_prior,0,0,0,0,not_printed_zero
2026-27,dev_revenue,071,07,BE_current,0,0,0,0,not_printed_zero
2026-27,dev_capital,071,07,BE_prior,0,0,0,0,not_printed_zero
2026-27,dev_capital,071,07,RE_prior,0,0,0,0,not_printed_zero
2026-27,dev_capital,071,07,BE_current,0,0,0,0,not_printed_zero
2026-27,current_revenue,072,07,BE_prior,0,0,0,0,not_printed_zero
2026-27,current_revenue,072,07,RE_prior,0,0,0,0,not_printed_zero
2026-27,current_revenue,072,07,BE_current,0,0,0,0,not_printed_zero
2026-27,current_capital,072,07,BE_prior,0,0,0,0,not_printed_zero
2026-27,current_capital,072,07,RE_prior,0,0,0,0,not_printed_zero
2026-27,current_capital,072,07,BE_current,0,0,0,0,not_printed_zero
2026-27,dev_revenue,072,07,BE_prior,0,0,0,0,not_printed_zero
2026-27,dev_revenue,072,07,RE_prior,0,0,0,0,not_printed_zero
2026-27,dev_revenue,072,07,BE_current,0,0,0,0,not_printed_zero
2026-27,dev_capital,072,07,BE_prior,0,0,0,0,not_printed_zero
2026-27,dev_capital,072,07,RE_prior,0,0,0,0,not_printed_zero
2026-27,dev_capital,072,07,BE_current,0,0,0,0,not_printed_zero
2026-27,current_revenue,073,07,BE_prior,24035,24035,1,0,exact
2026-27,current_revenue,073,07,RE_prior,24547,24547,1,0,exact
2026-27,current_revenue,073,07,BE_current,28779,28779,1,0,exact
2026-27,current_capital,073,07,BE_prior,0,0,0,0,not_printed_zero
2026-27,current_capital,073,07,RE_prior,0,0,0,0,not_printed_zero
2026-27,current_capital,073,07,BE_current,0,0,0,0,not_printed_zero
2026-27,dev_revenue,073,07,BE_prior,6107,6107,1,0,exact
2026-27,dev_revenue,073,07,RE_prior,6273,6273,1,0,exact
2026-27,dev_revenue,073,07,BE_current,8690,8690,1,0,exact
2026-27,dev_capital,073,07,BE_prior,0,0,0,0,not_printed_zero
2026-27,dev_capital,073,07,RE_prior,0,0,0,0,not_printed_zero
2026-27,dev_capital,073,07,BE_current,0,0,0,0,not_printed_zero
2026-27,current_revenue,074,07,BE_prior,1139,1139,1,0,exact
2026-27,current_revenue,074,07,RE_prior,30813,30813,1,0,exact
2026-27,current_revenue,074,07,BE_current,1204,1204,1,0,exact
2026-27,current_capital,074,07,BE_prior,0,0,0,0,not_printed_zero
2026-27,current_capital,074,07,RE_prior,0,0,0,0,not_printed_zero
2026-27,current_capital,074,07,BE_current,0,0,0,0,not_printed_zero
2026-27,dev_revenue,074,07,BE_prior,8700,8700,1,0,exact
2026-27,dev_revenue,074,07,RE_prior,7138,7138,1,0,exact
2026-27,dev_revenue,074,07,BE_current,5962,5962,1,0,exact
2026-27,dev_capital,074,07,BE_prior,0,0,0,0,not_printed_zero
2026-27,dev_capital,074,07,RE_prior,0,0,0,0,not_printed_zero
2026-27,dev_capital,074,07,BE_current,0,0,0,0,not_printed_zero
2026-27,current_revenue,075,07,BE_prior,0,0,0,0,not_printed_zero
2026-27,current_revenue,075,07,RE_prior,0,0,0,0,not_printed_zero
2026-27,current_revenue,075,07,BE_current,0,0,0,0,not_printed_zero
2026-27,current_capital,075,07,BE_prior,0,0,0,0,not_printed_zero
2026-27,current_capital,075,07,RE_prior,0,0,0,0,not_printed_zero
2026-27,current_capital,075,07,BE_current,0,0,0,0,not_printed_zero
2026-27,dev_revenue,075,07,BE_prior,0,0,0,0,not_printed_zero
2026-27,dev_revenue,075,07,RE_prior,0,0,0,0,not_printed_zero
2026-27,dev_revenue,075,07,BE_current,0,0,0,0,not_printed_zero
2026-27,dev_capital,075,07,BE_prior,0,0,0,0,not_printed_zero
2026-27,dev_capital,075,07,RE_prior,0,0,0,0,not_printed_zero
2026-27,dev_capital,075,07,BE_current,0,0,0,0,not_printed_zero
2026-27,current_revenue,076,07,BE_prior,6768,6768,1,0,exact
2026-27,current_revenue,076,07,RE_prior,4851,4851,1,0,exact
2026-27,current_revenue,076,07,BE_current,7417,7417,1,0,exact
2026-27,current_capital,076,07,BE_prior,0,0,0,0,not_printed_zero
2026-27,current_capital,076,07,RE_prior,0,0,0,0,not_printed_zero
2026-27,current_capital,076,07,BE_current,0,0,0,0,not_printed_zero
2026-27,dev_revenue,076,07,BE_prior,295,295,1,0,exact
2026-27,dev_revenue,076,07,RE_prior,280,280,1,0,exact
2026-27,dev_revenue,076,07,BE_current,3565,3565,1,0,exact
2026-27,dev_capital,076,07,BE_prior,0,0,0,0,not_printed_zero
2026-27,dev_capital,076,07,RE_prior,0,0,0,0,not_printed_zero
2026-27,dev_capital,076,07,BE_current,0,0,0,0,not_printed_zero
2026-27,current_revenue,081,08,BE_prior,0,0,1,0,exact
2026-27,current_revenue,081,08,RE_prior,70,70,1,0,exact
2026-27,current_revenue,081,08,BE_current,0,0,1,0,exact
2026-27,current_capital,081,08,BE_prior,0,0,0,0,not_printed_zero
2026-27,current_capital,081,08,RE_prior,0,0,0,0,not_printed_zero
2026-27,current_capital,081,08,BE_current,0,0,0,0,not_printed_zero
2026-27,dev_revenue,081,08,BE_prior,1180,1180,1,0,exact
2026-27,dev_revenue,081,08,RE_prior,1180,1180,1,0,exact
2026-27,dev_revenue,081,08,BE_current,1851,1851,1,0,exact
2026-27,dev_capital,081,08,BE_prior,0,0,0,0,not_printed_zero
2026-27,dev_capital,081,08,RE_prior,0,0,0,0,not_printed_zero
2026-27,dev_capital,081,08,BE_current,0,0,0,0,not_printed_zero
2026-27,current_revenue,082,08,BE_prior,1503,1503,1,0,exact
2026-27,current_revenue,082,08,RE_prior,1473,1473,1,0,exact
2026-27,current_revenue,082,08,BE_current,1591,1591,1,0,exact
2026-27,current_capital,082,08,BE_prior,0,0,0,0,not_printed_zero
2026-27,current_capital,082,08,RE_prior,0,0,0,0,not_printed_zero
2026-27,current_capital,082,08,BE_current,0,0,0,0,not_printed_zero
2026-27,dev_revenue,082,08,BE_prior,250,250,1,0,exact
2026-27,dev_revenue,082,08,RE_prior,0,0,1,0,exact
2026-27,dev_revenue,082,08,BE_current,0,0,1,0,exact
2026-27,dev_capital,082,08,BE_prior,0,0,0,0,not_printed_zero
2026-27,dev_capital,082,08,RE_prior,0,0,0,0,not_printed_zero
2026-27,dev_capital,082,08,BE_current,0,0,0,0,not_printed_zero
2026-27,current_revenue,083,08,BE_prior,16488,16488,1,0,exact
2026-27,current_revenue,083,08,RE_prior,31074,31074,1,0,exact
2026-27,current_revenue,083,08,BE_current,17673,17673,1,0,exact
2026-27,current_capital,083,08,BE_prior,0,0,0,0,not_printed_zero
2026-27,current_capital,083,08,RE_prior,0,0,0,0,not_printed_zero
2026-27,current_capital,083,08,BE_current,0,0,0,0,not_printed_zero
2026-27,dev_revenue,083,08,BE_prior,1616,1616,1,0,exact
2026-27,dev_revenue,083,08,RE_prior,1249,1249,1,0,exact
2026-27,dev_revenue,083,08,BE_current,659,659,1,0,exact
2026-27,dev_capital,083,08,BE_prior,0,0,0,0,not_printed_zero
2026-27,dev_capital,083,08,RE_prior,0,0,0,0,not_printed_zero
2026-27,dev_capital,083,08,BE_current,0,0,0,0,not_printed_zero
2026-27,current_revenue,084,08,BE_prior,2094,2094,1,0,exact
2026-27,current_revenue,084,08,RE_prior,2029,2029,1,0,exact
2026-27,current_revenue,084,08,BE_current,2204,2204,1,0,exact
2026-27,current_capital,084,08,BE_prior,0,0,0,0,not_printed_zero
2026-27,current_capital,084,08,RE_prior,0,0,0,0,not_printed_zero
2026-27,current_capital,084,08,BE_current,0,0,0,0,not_printed_zero
2026-27,dev_revenue,084,08,BE_prior,650,650,1,0,exact
2026-27,dev_revenue,084,08,RE_prior,50,50,1,0,exact
2026-27,dev_revenue,084,08,BE_current,312,312,1,0,exact
2026-27,dev_capital,084,08,BE_prior,0,0,0,0,not_printed_zero
2026-27,dev_capital,084,08,RE_prior,0,0,0,0,not_printed_zero
2026-27,dev_capital,084,08,BE_current,0,0,0,0,not_printed_zero
2026-27,current_revenue,086,08,BE_prior,2074,2074,1,0,exact
2026-27,current_revenue,086,08,RE_prior,1671,1671,1,0,exact
2026-27,current_revenue,086,08,BE_current,2328,2328,1,0,exact
2026-27,current_capital,086,08,BE_prior,0,0,0,0,not_printed_zero
2026-27,current_capital,086,08,RE_prior,0,0,0,0,not_printed_zero
2026-27,current_capital,086,08,BE_current,0,0,0,0,not_printed_zero
2026-27,dev_revenue,086,08,BE_prior,0,0,0,0,not_printed_zero
2026-27,dev_revenue,086,08,RE_prior,0,0,0,0,not_printed_zero
2026-27,dev_revenue,086,08,BE_current,0,0,0,0,not_printed_zero
2026-27,dev_capital,086,08,BE_prior,0,0,0,0,not_printed_zero
2026-27,dev_capital,086,08,RE_prior,0,0,0,0,not_printed_zero
2026-27,dev_capital,086,08,BE_current,0,0,0,0,not_printed_zero
2026-27,current_revenue,091,09,BE_prior,5841,5841,1,0,exact
2026-27,current_revenue,091,09,RE_prior,5904,5904,1,0,exact
2026-27,current_revenue,091,09,BE_current,6275,6275,1,0,exact
2026-27,current_capital,091,09,BE_prior,0,0,0,0,not_printed_zero
2026-27,current_capital,091,09,RE_prior,0,0,0,0,not_printed_zero
2026-27,current_capital,091,09,BE_current,0,0,0,0,not_printed_zero
2026-27,dev_revenue,091,09,BE_prior,0,0,0,0,not_printed_zero
2026-27,dev_revenue,091,09,RE_prior,0,0,0,0,not_printed_zero
2026-27,dev_revenue,091,09,BE_current,0,0,0,0,not_printed_zero
2026-27,dev_capital,091,09,BE_prior,0,0,0,0,not_printed_zero
2026-27,dev_capital,091,09,RE_prior,0,0,0,0,not_printed_zero
2026-27,dev_capital,091,09,BE_current,0,0,0,0,not_printed_zero
2026-27,current_revenue,092,09,BE_prior,14420,14420,1,0,exact
2026-27,current_revenue,092,09,RE_prior,14704,14704,1,0,exact
2026-27,current_revenue,092,09,BE_current,16015,16015,1,0,exact
2026-27,current_capital,092,09,BE_prior,0,0,0,0,not_printed_zero
2026-27,current_capital,092,09,RE_prior,0,0,0,0,not_printed_zero
2026-27,current_capital,092,09,BE_current,0,0,0,0,not_printed_zero
2026-27,dev_revenue,092,09,BE_prior,0,0,0,0,not_printed_zero
2026-27,dev_revenue,092,09,RE_prior,0,0,0,0,not_printed_zero
2026-27,dev_revenue,092,09,BE_current,0,0,0,0,not_printed_zero
2026-27,dev_capital,092,09,BE_prior,0,0,0,0,not_printed_zero
2026-27,dev_capital,092,09,RE_prior,0,0,0,0,not_printed_zero
2026-27,dev_capital,092,09,BE_current,0,0,0,0,not_printed_zero
2026-27,current_revenue,093,09,BE_prior,82012,82012,1,0,exact
2026-27,current_revenue,093,09,RE_prior,83569,83569,1,0,exact
2026-27,current_revenue,093,09,BE_current,84462,84462,1,0,exact
2026-27,current_capital,093,09,BE_prior,0,0,0,0,not_printed_zero
2026-27,current_capital,093,09,RE_prior,0,0,0,0,not_printed_zero
2026-27,current_capital,093,09,BE_current,0,0,0,0,not_printed_zero
2026-27,dev_revenue,093,09,BE_prior,52175,52175,1,0,exact
2026-27,dev_revenue,093,09,RE_prior,50638,50638,1,0,exact
2026-27,dev_revenue,093,09,BE_current,72059,72059,1,0,exact
2026-27,dev_capital,093,09,BE_prior,0,0,0,0,not_printed_zero
2026-27,dev_capital,093,09,RE_prior,0,0,0,0,not_printed_zero
2026-27,dev_capital,093,09,BE_current,0,0,0,0,not_printed_zero
2026-27,current_revenue,094,09,BE_prior,3738,3738,1,0,exact
2026-27,current_revenue,094,09,RE_prior,4014,4014,1,0,exact
2026-27,current_revenue,094,09,BE_current,3878,3878,1,0,exact
2026-27,current_capital,094,09,BE_prior,0,0,0,0,not_printed_zero
2026-27,current_capital,094,09,RE_prior,0,0,0,0,not_printed_zero
2026-27,current_capital,094,09,BE_current,0,0,0,0,not_printed_zero
2026-27,dev_revenue,094,09,BE_prior,0,0,0,0,not_printed_zero
2026-27,dev_revenue,094,09,RE_prior,0,0,0,0,not_printed_zero
2026-27,dev_revenue,094,09,BE_current,0,0,0,0,not_printed_zero
2026-27,dev_capital,094,09,BE_prior,0,0,0,0,not_printed_zero
2026-27,dev_capital,094,09,RE_prior,0,0,0,0,not_printed_zero
2026-27,dev_capital,094,09,BE_current,0,0,0,0,not_printed_zero
2026-27,current_revenue,095,09,BE_prior,392,392,1,0,exact
2026-27,current_revenue,095,09,RE_prior,406,406,1,0,exact
2026-27,current_revenue,095,09,BE_current,410,410,1,0,exact
2026-27,current_capital,095,09,BE_prior,0,0,0,0,not_printed_zero
2026-27,current_capital,095,09,RE_prior,0,0,0,0,not_printed_zero
2026-27,current_capital,095,09,BE_current,0,0,0,0,not_printed_zero
2026-27,dev_revenue,095,09,BE_prior,650,650,1,0,exact
2026-27,dev_revenue,095,09,RE_prior,362,362,1,0,exact
2026-27,dev_revenue,095,09,BE_current,722,722,1,0,exact
2026-27,dev_capital,095,09,BE_prior,0,0,0,0,not_printed_zero
2026-27,dev_capital,095,09,RE_prior,0,0,0,0,not_printed_zero
2026-27,dev_capital,095,09,BE_current,0,0,0,0,not_printed_zero
2026-27,current_revenue,096,09,BE_prior,4825,4825,1,0,exact
2026-27,current_revenue,096,09,RE_prior,4457,4457,1,0,exact
2026-27,current_revenue,096,09,BE_current,5224,5224,1,0,exact
2026-27,current_capital,096,09,BE_prior,0,0,0,0,not_printed_zero
2026-27,current_capital,096,09,RE_prior,0,0,0,0,not_printed_zero
2026-27,current_capital,096,09,BE_current,0,0,0,0,not_printed_zero
2026-27,dev_revenue,096,09,BE_prior,750,750,1,0,exact
2026-27,dev_revenue,096,09,RE_prior,0,0,1,0,exact
2026-27,dev_revenue,096,09,BE_current,0,0,1,0,exact
2026-27,dev_capital,096,09,BE_prior,0,0,0,0,not_printed_zero
2026-27,dev_capital,096,09,RE_prior,0,0,0,0,not_printed_zero
2026-27,dev_capital,096,09,BE_current,0,0,0,0,not_printed_zero
2026-27,current_revenue,097,09,BE_prior,1455,1455,1,0,exact
2026-27,current_revenue,097,09,RE_prior,55973,55973,1,0,exact
2026-27,current_revenue,097,09,BE_current,1484,1484,1,0,exact
2026-27,current_capital,097,09,BE_prior,0,0,0,0,not_printed_zero
2026-27,current_capital,097,09,RE_prior,0,0,0,0,not_printed_zero
2026-27,current_capital,097,09,BE_current,0,0,0,0,not_printed_zero
2026-27,dev_revenue,097,09,BE_prior,2249,2249,1,0,exact
2026-27,dev_revenue,097,09,RE_prior,1639,1639,1,0,exact
2026-27,dev_revenue,097,09,BE_current,3600,3600,1,0,exact
2026-27,dev_capital,097,09,BE_prior,0,0,0,0,not_printed_zero
2026-27,dev_capital,097,09,RE_prior,0,0,0,0,not_printed_zero
2026-27,dev_capital,097,09,BE_current,0,0,0,0,not_printed_zero
2026-27,current_revenue,100,10,BE_prior,0,0,0,0,not_printed_zero
2026-27,current_revenue,100,10,RE_prior,0,0,0,0,not_printed_zero
2026-27,current_revenue,100,10,BE_current,0,0,0,0,not_printed_zero
2026-27,current_capital,100,10,BE_prior,0,0,0,0,not_printed_zero
2026-27,current_capital,100,10,RE_prior,0,0,0,0,not_printed_zero
2026-27,current_capital,100,10,BE_current,0,0,0,0,not_printed_zero
2026-27,dev_revenue,100,10,BE_prior,0,0,0,0,not_printed_zero
2026-27,dev_revenue,100,10,RE_prior,0,0,0,0,not_printed_zero
2026-27,dev_revenue,100,10,BE_current,0,0,0,0,not_printed_zero
2026-27,dev_capital,100,10,BE_prior,0,0,0,0,not_printed_zero
2026-27,dev_capital,100,10,RE_prior,0,0,0,0,not_printed_zero
2026-27,dev_capital,100,10,BE_current,0,0,0,0,not_printed_zero
2026-27,current_revenue,101,10,BE_prior,0,0,0,0,not_printed_zero
2026-27,current_revenue,101,10,RE_prior,0,0,0,0,not_printed_zero
2026-27,current_revenue,101,10,BE_current,0,0,0,0,not_printed_zero
2026-27,current_capital,101,10,BE_prior,0,0,0,0,not_printed_zero
2026-27,current_capital,101,10,RE_prior,0,0,0,0,not_printed_zero
2026-27,current_capital,101,10,BE_current,0,0,0,0,not_printed_zero
2026-27,dev_revenue,101,10,BE_prior,0,0,0,0,not_printed_zero
2026-27,dev_revenue,101,10,RE_prior,0,0,0,0,not_printed_zero
2026-27,dev_revenue,101,10,BE_current,0,0,0,0,not_printed_zero
2026-27,dev_capital,101,10,BE_prior,0,0,0,0,not_printed_zero
2026-27,dev_capital,101,10,RE_prior,0,0,0,0,not_printed_zero
2026-27,dev_capital,101,10,BE_current,0,0,0,0,not_printed_zero
2026-27,current_revenue,102,10,BE_prior,0,0,0,0,not_printed_zero
2026-27,current_revenue,102,10,RE_prior,0,0,0,0,not_printed_zero
2026-27,current_revenue,102,10,BE_current,0,0,0,0,not_printed_zero
2026-27,current_capital,102,10,BE_prior,0,0,0,0,not_printed_zero
2026-27,current_capital,102,10,RE_prior,0,0,0,0,not_printed_zero
2026-27,current_capital,102,10,BE_current,0,0,0,0,not_printed_zero
2026-27,dev_revenue,102,10,BE_prior,0,0,0,0,not_printed_zero
2026-27,dev_revenue,102,10,RE_prior,0,0,0,0,not_printed_zero
2026-27,dev_revenue,102,10,BE_current,0,0,0,0,not_printed_zero
2026-27,dev_capital,102,10,BE_prior,0,0,0,0,not_printed_zero
2026-27,dev_capital,102,10,RE_prior,0,0,0,0,not_printed_zero
2026-27,dev_capital,102,10,BE_current,0,0,0,0,not_printed_zero
2026-27,current_revenue,103,10,BE_prior,0,0,0,0,not_printed_zero
2026-27,current_revenue,103,10,RE_prior,0,0,0,0,not_printed_zero
2026-27,current_revenue,103,10,BE_current,0,0,0,0,not_printed_zero
2026-27,current_capital,103,10,BE_prior,0,0,0,0,not_printed_zero
2026-27,current_capital,103,10,RE_prior,0,0,0,0,not_printed_zero
2026-27,current_capital,103,10,BE_current,0,0,0,0,not_printed_zero
2026-27,dev_revenue,103,10,BE_prior,0,0,0,0,not_printed_zero
2026-27,dev_revenue,103,10,RE_prior,0,0,0,0,not_printed_zero
2026-27,dev_revenue,103,10,BE_current,0,0,0,0,not_printed_zero
2026-27,dev_capital,103,10,BE_prior,0,0,0,0,not_printed_zero
2026-27,dev_capital,103,10,RE_prior,0,0,0,0,not_printed_zero
2026-27,dev_capital,103,10,BE_current,0,0,0,0,not_printed_zero
2026-27,current_revenue,107,10,BE_prior,5890,5890,1,0,exact
2026-27,current_revenue,107,10,RE_prior,9555,9555,1,0,exact
2026-27,current_revenue,107,10,BE_current,4975,4975,1,0,exact
2026-27,current_capital,107,10,BE_prior,0,0,0,0,not_printed_zero
2026-27,current_capital,107,10,RE_prior,0,0,0,0,not_printed_zero
2026-27,current_capital,107,10,BE_current,0,0,0,0,not_printed_zero
2026-27,dev_revenue,107,10,BE_prior,2300,2300,1,0,exact
2026-27,dev_revenue,107,10,RE_prior,574,574,1,0,exact
2026-27,dev_revenue,107,10,BE_current,5317,5317,1,0,exact
2026-27,dev_capital,107,10,BE_prior,0,0,0,0,not_printed_zero
2026-27,dev_capital,107,10,RE_prior,0,0,0,0,not_printed_zero
2026-27,dev_capital,107,10,BE_current,0,0,0,0,not_printed_zero
2026-27,current_revenue,108,10,BE_prior,1303,1303,1,0,exact
2026-27,current_revenue,108,10,RE_prior,1643,1643,1,0,exact
2026-27,current_revenue,108,10,BE_current,2556,2556,1,0,exact
2026-27,current_capital,108,10,BE_prior,0,0,0,0,not_printed_zero
2026-27,current_capital,108,10,RE_prior,0,0,0,0,not_printed_zero
2026-27,current_capital,108,10,BE_current,0,0,0,0,not_printed_zero
2026-27,dev_revenue,108,10,BE_prior,0,0,0,0,not_printed_zero
2026-27,dev_revenue,108,10,RE_prior,0,0,0,0,not_printed_zero
2026-27,dev_revenue,108,10,BE_current,0,0,0,0,not_printed_zero
2026-27,dev_capital,108,10,BE_prior,0,0,0,0,not_printed_zero
2026-27,dev_capital,108,10,RE_prior,0,0,0,0,not_printed_zero
2026-27,dev_capital,108,10,BE_current,0,0,0,0,not_printed_zero
2026-27,current_revenue,109,10,BE_prior,726994,726994,1,0,exact
2026-27,current_revenue,109,10,RE_prior,717532,717532,1,0,exact
2026-27,current_revenue,109,10,BE_current,849477,849477,1,0,exact
2026-27,current_capital,109,10,BE_prior,0,0,0,0,not_printed_zero
2026-27,current_capital,109,10,RE_prior,0,0,0,0,not_printed_zero
2026-27,current_capital,109,10,BE_current,0,0,0,0,not_printed_zero
2026-27,dev_revenue,109,10,BE_prior,0,0,0,0,not_printed_zero
2026-27,dev_revenue,109,10,RE_prior,0,0,0,0,not_printed_zero
2026-27,dev_revenue,109,10,BE_current,0,0,0,0,not_printed_zero
2026-27,dev_capital,109,10,BE_prior,0,0,0,0,not_printed_zero
2026-27,dev_capital,109,10,RE_prior,0,0,0,0,not_printed_zero
2026-27,dev_capital,109,10,BE_current,0,0,0,0,not_printed_zero
